{"cameraMode":{"drawMode":0,"name":"Shaded","section":"Shading Mode"},"sceneLighting":true,"audioPlay":false,"sceneViewState":{"showFog":true,"showMaterialUpdate":false,"showSkybox":true,"showFlares":true,"showImageEffects":true,"showParticleSystems":true},"in2DMode":false,"pivot":{"x":-23.738128662109376,"y":-93.16425323486328,"z":214.84683227539063},"rotation":{"x":-0.008147126995027066,"y":0.9053094983100891,"z":-0.4243345856666565,"w":-0.01738528348505497},"size":69.16812133789063,"orthographic":false}