{"cameraMode":{"drawMode":0,"name":"Shaded","section":"Shading Mode"},"sceneLighting":true,"audioPlay":false,"sceneViewState":{"showFog":true,"showMaterialUpdate":false,"showSkybox":true,"showFlares":true,"showImageEffects":true,"showParticleSystems":true},"in2DMode":false,"pivot":{"x":13.679388046264649,"y":-3.356144905090332,"z":5.071542263031006},"rotation":{"x":-0.10434798896312714,"y":-0.6279709339141846,"z":0.08549237996339798,"w":-0.7664637565612793},"size":10.72892951965332,"orthographic":false}